Account,Description,CurrencyCode,Amount
chall0,kmccoy0@themeforest.net,USD,63
tortiz1,jfisher1@google.co.jp,RUB,51
belliott2,csnyder2@usatoday.com,IDR,94
cday3,dgeorge3@uol.com.br,CNY,74
pbrown4,jjames4@sphinn.com,NIO,46
emeyer5,rhicks5@google.co.uk,CNY,56
aclark6,mcarr6@umich.edu,BAM,27
jhall7,jpowell7@chicagotribune.com,PLN,16
wnguyen8,cmontgomery8@technorati.com,CNY,24
hmitchell9,phart9@usa.gov,CNY,79
mstewarta,dwashingtona@vkontakte.ru,BRL,92
rbrooksb,lkelleyb@360.cn,CNY,34
cmurphyc,rgarciac@elpais.com,SEK,92
dgibsond,jwilliamsd@hao123.com,SAR,62
scarpentere,redwardse@omniture.com,PEN,16
dcolef,bnguyenf@hugedomains.com,XPF,68
ralexanderg,ikellyg@theatlantic.com,RUB,95
kcolemanh,jwesth@usda.gov,IDR,14
twelchi,amyersi@fda.gov,CZK,84
isimmonsj,wjohnstonj@yahoo.com,TJS,23
pfordk,tporterk@omniture.com,MGA,84
dpaynel,lknightl@smh.com.au,XAF,9
areedm,jjonesm@goodreads.com,COP,42
ajacobsn,clongn@cmu.edu,EUR,33
ecoopero,chamiltono@bbc.co.uk,PLN,6
kcarrp,mnelsonp@adobe.com,CNY,41
rmatthewsq,dramirezq@php.net,BAM,84
agomezr,dwoodsr@bbc.co.uk,PHP,89
shansons,sclarks@tmall.com,ILS,80
jrobertsont,jpalmert@berkeley.edu,PLN,32
mmurrayu,npayneu@artisteer.com,ARS,99
kmoralesv,mbennettv@ehow.com,EUR,83
cwheelerw,lwilsonw@plala.or.jp,EUR,26
cryanx,doliverx@cyberchimps.com,IDR,77
ereyesy,kruizy@networkadvertising.org,PLN,5
pgrantz,spowellz@symantec.com,SYP,52
ccastillo10,pray10@dell.com,SEK,61
eellis11,fstewart11@creativecommons.org,AZN,47
amorales12,pmcdonald12@auda.org.au,TZS,77
jlawson13,agilbert13@umn.edu,CNY,47
dmurphy14,cmills14@shareasale.com,CZK,45
jphillips15,hschmidt15@goo.gl,EUR,100
rrobertson16,mevans16@imgur.com,CNY,21
mthompson17,jandrews17@wikia.com,SDG,74
vmccoy18,lbutler18@discuz.net,LAK,35
aramos19,bperry19@furl.net,BGN,24
wmorris1a,rstone1a@google.cn,CNY,71
mreed1b,cjackson1b@vimeo.com,PHP,31
itucker1c,jwillis1c@tamu.edu,CNY,12
dperkins1d,sboyd1d@vinaora.com,BYR,9
skennedy1e,bbowman1e@auda.org.au,SEK,44
rsullivan1f,pwelch1f@people.com.cn,EUR,98
ethompson1g,enelson1g@dailymail.co.uk,CNY,49
bfreeman1h,fcampbell1h@army.mil,CNY,14
lpeterson1i,ewest1i@jiathis.com,CNY,49
sharper1j,whowell1j@statcounter.com,CNY,92
mdunn1k,jryan1k@patch.com,CNY,81
jperkins1l,lbell1l@discuz.net,PLN,83
eolson1m,sboyd1m@cyberchimps.com,CNY,93
bjones1n,dbishop1n@dot.gov,IDR,71
irivera1o,bgordon1o@usatoday.com,EUR,31
mdean1p,aoliver1p@trellian.com,PHP,9
dmorris1q,rford1q@webeden.co.uk,YER,73
kgreene1r,rnichols1r@noaa.gov,ZAR,63
kmason1s,rgray1s@bloomberg.com,CNY,36
jbrown1t,jward1t@pinterest.com,CZK,39
eoliver1u,jgreen1u@bravesites.com,THB,26
bsanchez1v,jschmidt1v@flickr.com,EUR,30
lday1w,jlopez1w@globo.com,IDR,7
swheeler1x,kdiaz1x@msu.edu,EUR,21
lyoung1y,swillis1y@theglobeandmail.com,RUB,40
amontgomery1z,aboyd1z@biblegateway.com,PLN,39
rnguyen20,agray20@mapquest.com,CNY,100
bjones21,scarter21@plala.or.jp,CNY,53
kwashington22,jspencer22@bloglovin.com,EUR,91
jbanks23,bbryant23@sphinn.com,ARS,16
janderson24,brice24@tmall.com,RUB,89
hwillis25,tboyd25@wiley.com,BRL,23
twatson26,tmitchell26@nifty.com,SEK,96
sgarcia27,athompson27@imdb.com,PLN,47
cfreeman28,lbaker28@mysql.com,RUB,71
jdean29,srobinson29@comsenz.com,ARS,12
aholmes2a,awells2a@imgur.com,RUB,85
swheeler2b,sfernandez2b@blog.com,JPY,29
jgriffin2c,apeterson2c@com.com,RUB,20
kfreeman2d,mruiz2d@cam.ac.uk,PEN,16
rhansen2e,klane2e@dell.com,KZT,13
jcarpenter2f,apierce2f@google.com.br,PHP,93
jallen2g,vharrison2g@howstuffworks.com,JPY,42
lpeters2h,gking2h@yolasite.com,USD,5
awebb2i,wperkins2i@networkadvertising.org,IDR,57
etorres2j,jhenderson2j@businesswire.com,AFN,93
kwagner2k,jferguson2k@hexun.com,CNY,98
jwilson2l,jflores2l@pagesperso-orange.fr,MNT,57
wcarroll2m,ehenderson2m@tinyurl.com,PEN,32
alarson2n,eromero2n@jugem.jp,IDR,91
ajohnston2o,broberts2o@dropbox.com,CNY,82
cking2p,jrichards2p@vimeo.com,XOF,5
bhenry2q,pharvey2q@indiegogo.com,BRL,76
sfox2r,tking2r@businessinsider.com,EUR,3
sedwards2s,jdaniels2s@cocolog-nifty.com,JMD,37
kmiller2t,rspencer2t@lycos.com,USD,74
jmendoza2u,mjohnston2u@google.co.jp,PHP,83
dreid2v,kjenkins2v@washingtonpost.com,AMD,39
lpayne2w,akennedy2w@networksolutions.com,SEK,63
tmason2x,ggarza2x@dedecms.com,IDR,20
vpowell2y,sharper2y@flavors.me,JOD,97
wramos2z,handerson2z@creativecommons.org,CNY,27
bsanders30,jferguson30@msu.edu,PEN,87
bporter31,rpayne31@a8.net,AFN,80
cmorales32,ggutierrez32@shareasale.com,RUB,53
gcruz33,pjames33@biglobe.ne.jp,BRL,87
mmorales34,kellis34@ezinearticles.com,USD,73
sfields35,eowens35@ycombinator.com,PHP,22
jsims36,rmitchell36@macromedia.com,CNY,12
arose37,mfisher37@tiny.cc,SEK,65
jcampbell38,btucker38@xinhuanet.com,BRL,94
cmyers39,cmorrison39@sun.com,IDR,71
lmarshall3a,jpalmer3a@mayoclinic.com,MMK,27
jrobinson3b,pdaniels3b@myspace.com,RUB,19
kfranklin3c,mvasquez3c@businessweek.com,BRL,24
jrichards3d,mkennedy3d@diigo.com,IDR,86
cfoster3e,sroberts3e@g.co,CNY,77
mgarrett3f,lpeters3f@vinaora.com,MXN,98
jjohnson3g,rthomas3g@nymag.com,CNY,17
dsanchez3h,hporter3h@angelfire.com,CNY,78
cellis3i,amoreno3i@skyrock.com,CZK,42
jfreeman3j,jwagner3j@topsy.com,USD,35
rwebb3k,fperez3k@virginia.edu,CNY,59
rlarson3l,tschmidt3l@msu.edu,CNY,84
pwright3m,jwatson3m@timesonline.co.uk,MAD,38
egonzalez3n,kprice3n@opensource.org,CNY,60
cdiaz3o,rgutierrez3o@ovh.net,EUR,88
jdean3p,jdixon3p@google.com.au,CNY,9
hcook3q,bwelch3q@bloglines.com,PHP,26
lsanchez3r,mberry3r@redcross.org,PHP,3
areyes3s,dwallace3s@amazon.co.uk,CNY,11
gward3t,rpalmer3t@myspace.com,PLN,51
handrews3u,jfreeman3u@shareasale.com,BRL,11
dbowman3v,cwright3v@vkontakte.ru,RUB,9
ssmith3w,rhall3w@gmpg.org,BRL,91
wevans3x,kvasquez3x@netlog.com,RUB,63
sanderson3y,hstanley3y@flavors.me,BWP,58
golson3z,mlee3z@vk.com,VEF,39
dalvarez40,ljones40@unesco.org,CNY,91
jturner41,jharrison41@bing.com,PHP,5
jcarroll42,gwells42@hud.gov,CNY,19
awells43,afrazier43@quantcast.com,EUR,64
pbaker44,dwatson44@mozilla.com,THB,54
swilliams45,balexander45@salon.com,CLP,24
hwhite46,powens46@java.com,RUB,45
mwhite47,jferguson47@bandcamp.com,KZT,12
arobinson48,lroberts48@plala.or.jp,BRL,24
lsanders49,alewis49@wiley.com,KRW,77
awilliams4a,tbailey4a@myspace.com,IDR,85
rromero4b,mpalmer4b@google.cn,USD,27
tbrooks4c,jcampbell4c@pinterest.com,MYR,20
jdaniels4d,kmatthews4d@nasa.gov,ILS,35
jmartinez4e,awilson4e@hp.com,RUB,5
ltaylor4f,jandrews4f@stumbleupon.com,CZK,18
sellis4g,koliver4g@eepurl.com,RUB,85
bcarroll4h,kwilson4h@phoca.cz,BAM,27
jgordon4i,mhall4i@geocities.com,CNY,57
jcruz4j,fharper4j@g.co,MYR,72
kelliott4k,jrobinson4k@engadget.com,THB,86
kross4l,ngreene4l@themeforest.net,CNY,3
jhoward4m,bgutierrez4m@fda.gov,PHP,77
pstevens4n,mmiller4n@ucoz.com,PLN,61
tellis4o,hfoster4o@wordpress.org,TZS,73
hbowman4p,landrews4p@usa.gov,IDR,78
bgarrett4q,ewelch4q@bluehost.com,CNY,18
kpowell4r,sduncan4r@elpais.com,PHP,62
dwelch4s,vvasquez4s@pagesperso-orange.fr,EUR,15
tjohnston4t,eward4t@free.fr,ARS,11
bvasquez4u,cboyd4u@reverbnation.com,MUR,15
lhicks4v,ssullivan4v@house.gov,PGK,35
sday4w,jdaniels4w@ucla.edu,RWF,58
slynch4x,foliver4x@free.fr,MZN,22
sward4y,hvasquez4y@wunderground.com,CAD,57
mcarroll4z,jreyes4z@domainmarket.com,MXN,8
pjackson50,wgibson50@naver.com,EUR,96
tpierce51,phayes51@admin.ch,BRL,65
tgonzalez52,gallen52@sakura.ne.jp,UAH,13
pfox53,ahunter53@telegraph.co.uk,PHP,83
dfox54,ecole54@archive.org,EUR,46
asimpson55,awillis55@eventbrite.com,CNY,20
jdavis56,bruiz56@aboutads.info,VND,57
wprice57,rcarroll57@cmu.edu,ZAR,72
jwood58,pbanks58@surveymonkey.com,RUB,22
dcook59,mkennedy59@nymag.com,PLN,65
sreid5a,rmontgomery5a@unicef.org,KMF,91
rschmidt5b,bmoore5b@wiley.com,CNY,60
pcruz5c,bcastillo5c@geocities.jp,CNY,31
ggraham5d,jparker5d@slashdot.org,TZS,9
mperkins5e,mhanson5e@quantcast.com,CNY,99
dturner5f,rlewis5f@mlb.com,SEK,1
bgardner5g,shenderson5g@chron.com,IDR,11
dwatkins5h,ecarter5h@tiny.cc,IDR,37
ahart5i,ewillis5i@mozilla.com,VND,47
joliver5j,rhansen5j@disqus.com,ARS,75
iharvey5k,smorgan5k@sogou.com,MXN,34
vhoward5l,amason5l@umn.edu,EUR,14
jross5m,eporter5m@google.ru,IDR,87
tgutierrez5n,bfranklin5n@statcounter.com,IDR,99
pmorrison5o,jromero5o@mlb.com,THB,67
jdavis5p,ryoung5p@who.int,IDR,59
wday5q,jrose5q@mit.edu,CNY,13
kcarroll5r,cberry5r@yahoo.com,EUR,70
wmoore5s,bwilson5s@addthis.com,PHP,43
esullivan5t,kcox5t@seesaa.net,EUR,33
dholmes5u,jweaver5u@360.cn,IDR,83
fburton5v,rhicks5v@webmd.com,CNY,93
manderson5w,dhamilton5w@surveymonkey.com,EUR,86
vfox5x,thayes5x@usnews.com,HTG,1
rstanley5y,ccruz5y@unicef.org,CNY,28
swright5z,cperry5z@163.com,PEN,52
jellis60,sknight60@accuweather.com,EUR,46
bcooper61,nprice61@example.com,IDR,26
rwashington62,kmorris62@epa.gov,CNY,5
spatterson63,srogers63@howstuffworks.com,CNY,17
tarmstrong64,acastillo64@altervista.org,THB,26
sscott65,jbradley65@blogspot.com,IDR,10
sgilbert66,cstephens66@symantec.com,CZK,18
ltucker67,tgonzalez67@uiuc.edu,SEK,77
dfowler68,bking68@dot.gov,BRL,27
cnguyen69,kdaniels69@ucoz.ru,CNY,44
druiz6a,tlewis6a@prweb.com,CNY,8
mblack6b,rmccoy6b@google.co.uk,PLN,26
jhenry6c,dcox6c@phoca.cz,CNY,75
ecrawford6d,valvarez6d@bing.com,SYP,10
rboyd6e,pnelson6e@wufoo.com,RUB,92
alarson6f,ktucker6f@spiegel.de,ZWL,15
gbarnes6g,mjames6g@foxnews.com,PHP,81
mwest6h,cchapman6h@lulu.com,RUB,43
kchapman6i,fcole6i@csmonitor.com,NGN,71
lshaw6j,drichards6j@prweb.com,SEK,9
jferguson6k,jbailey6k@aol.com,CNY,13
jjohnson6l,mmarshall6l@hubpages.com,EUR,66
khughes6m,ldaniels6m@springer.com,CNY,39
preyes6n,rbarnes6n@walmart.com,CNY,64
lromero6o,cspencer6o@ted.com,UAH,61
dshaw6p,lkim6p@bizjournals.com,CNY,83
kholmes6q,sward6q@quantcast.com,IQD,30
jhenry6r,pstone6r@reddit.com,CNY,35
tgreene6s,rbarnes6s@prweb.com,MXN,8
hhoward6t,jarnold6t@scribd.com,CNY,81
mmorris6u,vwarren6u@naver.com,CNY,16
bmartin6v,jmorgan6v@issuu.com,BYR,81
sharvey6w,pfranklin6w@sohu.com,JPY,15
athompson6x,svasquez6x@mashable.com,CNY,3
thicks6y,jhamilton6y@ebay.com,BRL,82
jweaver6z,shicks6z@eepurl.com,MGA,63
jgomez70,etucker70@alexa.com,THB,93
phunt71,callen71@buzzfeed.com,MNT,3
ccunningham72,ghernandez72@i2i.jp,EUR,20
aporter73,sray73@1688.com,XOF,29
bwells74,aford74@intel.com,CNY,21
psullivan75,lcampbell75@yandex.ru,PLN,19
wmorris76,plewis76@vkontakte.ru,CNY,87
rlewis77,abrown77@slate.com,JMD,54
dgibson78,kwood78@ibm.com,JPY,27
sbryant79,fwillis79@yelp.com,PLN,95
lporter7a,belliott7a@surveymonkey.com,HNL,55
banderson7b,rmoreno7b@hao123.com,CNY,95
rholmes7c,sryan7c@icq.com,CNY,91
emiller7d,mmiller7d@merriam-webster.com,BRL,44
jwoods7e,kking7e@arizona.edu,CNY,22
fholmes7f,mbell7f@pinterest.com,EUR,67
mmartin7g,mhart7g@pbs.org,AMD,28
fmartin7h,jcampbell7h@sourceforge.net,PLN,70
ccarr7i,chayes7i@github.com,JPY,99
grogers7j,jmurphy7j@prnewswire.com,IDR,31
tcollins7k,epowell7k@phpbb.com,ZMW,99
asims7l,jgarcia7l@bluehost.com,UAH,17
aharper7m,nlittle7m@cloudflare.com,BRL,83
dlarson7n,mdiaz7n@ameblo.jp,BRL,48
pphillips7o,rrobinson7o@nature.com,CNY,10
kjones7p,gramirez7p@dyndns.org,EUR,58
mlawrence7q,jmyers7q@vinaora.com,CNY,37
talexander7r,lwilson7r@blog.com,UAH,46
jbaker7s,jkim7s@usnews.com,YER,32
bfields7t,bwest7t@google.ru,EUR,4
gbutler7u,lstone7u@google.co.jp,CNY,44
drodriguez7v,mwalker7v@imageshack.us,CNY,74
dberry7w,nlewis7w@pcworld.com,CNY,61
twilliamson7x,trivera7x@google.co.uk,ALL,41
ldavis7y,jrose7y@businesswire.com,JPY,66
hward7z,rrichardson7z@parallels.com,EUR,51
kmeyer80,jrussell80@angelfire.com,MXN,79
jmason81,jpierce81@cnn.com,RUB,60
rmoreno82,sedwards82@ameblo.jp,IDR,78
gellis83,sshaw83@blogs.com,BRL,61
charris84,aellis84@example.com,VND,24
rbutler85,jbryant85@cafepress.com,PLN,64
jhill86,chudson86@freewebs.com,CNY,40
pbradley87,wbishop87@wikispaces.com,CAD,10
bfrazier88,lward88@squarespace.com,COP,66
hgraham89,lcampbell89@nymag.com,COP,84
jsims8a,lholmes8a@zimbio.com,UAH,69
jward8b,jrussell8b@yolasite.com,PYG,33
sgonzalez8c,frussell8c@edublogs.org,MXN,100
emontgomery8d,mgarrett8d@zdnet.com,EUR,30
nlarson8e,jboyd8e@creativecommons.org,RUB,67
tsnyder8f,wgarcia8f@deviantart.com,CNY,69
mray8g,tgeorge8g@zdnet.com,CNY,52
jlewis8h,fcooper8h@people.com.cn,IDR,19
astewart8i,mwalker8i@cam.ac.uk,EUR,76
kwallace8j,rhicks8j@bing.com,EUR,8
hbryant8k,jfowler8k@cdbaby.com,GTQ,28
kgutierrez8l,agarza8l@ebay.co.uk,CNY,32
speterson8m,jrobinson8m@rambler.ru,EUR,1
schapman8n,lpierce8n@domainmarket.com,RUB,37
canderson8o,hfernandez8o@people.com.cn,EUR,31
pgriffin8p,pbennett8p@pbs.org,CNY,14
mdean8q,kedwards8q@usnews.com,RUB,29
lburton8r,jcarr8r@google.de,IDR,83
fcastillo8s,kcruz8s@cloudflare.com,ARS,65
llawson8t,jolson8t@blogger.com,CNY,42
wstewart8u,wferguson8u@yandex.ru,CNY,57
anichols8v,mwells8v@amazonaws.com,EUR,45
jhamilton8w,ebennett8w@bloglines.com,PEN,24
fnelson8x,eandrews8x@shinystat.com,IDR,25
jgonzales8y,gspencer8y@cbslocal.com,EUR,77
vfranklin8z,clarson8z@vk.com,CNY,63
sperry90,jnichols90@fc2.com,EUR,81
jhayes91,jhanson91@accuweather.com,VND,54
rlawson92,mgordon92@cam.ac.uk,PHP,93
bhoward93,jwheeler93@blogger.com,PEN,84
smendoza94,troberts94@spiegel.de,CNY,50
pchavez95,skennedy95@bandcamp.com,CUP,51
hhenry96,fmartin96@tinyurl.com,VND,25
ameyer97,jlawrence97@economist.com,PHP,13
dburton98,wparker98@woothemes.com,CNY,1
dbailey99,akennedy99@cornell.edu,BYR,72
tlewis9a,pcarter9a@europa.eu,IDR,34
mrose9b,swatson9b@ehow.com,PHP,44
kvasquez9c,scox9c@list-manage.com,EUR,31
lferguson9d,ahernandez9d@apple.com,EUR,31
sshaw9e,jmatthews9e@netscape.com,EUR,90
jfuller9f,rcastillo9f@mozilla.org,EUR,6
bfowler9g,trichards9g@ftc.gov,EUR,23
mgilbert9h,dchavez9h@ucla.edu,CNY,90
gedwards9i,awillis9i@weather.com,EUR,87
rgarcia9j,hwalker9j@newyorker.com,BRL,35
pnguyen9k,kporter9k@huffingtonpost.com,PHP,40
lfuller9l,pdunn9l@salon.com,RUB,64
estewart9m,dgrant9m@free.fr,CNY,30
wortiz9n,ajones9n@google.com.au,JPY,64
rharrison9o,rcarter9o@slideshare.net,EUR,78
rlittle9p,bkim9p@marriott.com,SEK,81
blittle9q,krogers9q@ifeng.com,MYR,78
cortiz9r,eadams9r@abc.net.au,IDR,39
kstanley9s,crose9s@narod.ru,BRL,87
jford9t,mchavez9t@npr.org,PKR,59
dchavez9u,vbell9u@ameblo.jp,MYR,35
cdean9v,fromero9v@desdev.cn,IDR,98
jwheeler9w,mmorgan9w@merriam-webster.com,IDR,2
cdiaz9x,astephens9x@buzzfeed.com,IDR,12
sryan9y,bnguyen9y@upenn.edu,MNT,95
shenderson9z,bmorales9z@scribd.com,MGA,1
vhowarda0,mjonesa0@phoca.cz,BYR,57
areynoldsa1,kblacka1@slate.com,EUR,55
ggomeza2,dreynoldsa2@statcounter.com,MAD,89
aowensa3,aelliotta3@squarespace.com,SEK,52
jpalmera4,aholmesa4@facebook.com,CNY,28
chenrya5,egarzaa5@ocn.ne.jp,THB,4
sfloresa6,dlewisa6@seattletimes.com,CNY,76
kryana7,slarsona7@howstuffworks.com,CNY,64
cellisa8,tsimsa8@soup.io,USD,16
wpiercea9,hwoodsa9@360.cn,PEN,31
wmitchellaa,criveraaa@hatena.ne.jp,JPY,84
jbennettab,dhunterab@cnbc.com,CNY,75
bgeorgeac,bfordac@domainmarket.com,CNY,94
snelsonad,jburkead@sbwire.com,CNY,43
agomezae,kwheelerae@sohu.com,IRR,24
whenryaf,vcooperaf@ucla.edu,RUB,3
bjohnsonag,jcarterag@msu.edu,USD,3
jedwardsah,hcarterah@baidu.com,CZK,78
emurrayai,tedwardsai@cyberchimps.com,RUB,23
jmorrisonaj,vandrewsaj@jalbum.net,PLN,89
knicholsak,jjohnsonak@epa.gov,EUR,15
jsmithal,rwebbal@etsy.com,EUR,94
dtayloram,bmorenoam@merriam-webster.com,PHP,37
hsimsan,dshawan@rediff.com,USD,20
lburtonao,mwashingtonao@purevolume.com,PLN,44
cmeyerap,frobertsonap@facebook.com,SEK,14
vrogersaq,jkennedyaq@dailymail.co.uk,IDR,35
rfrazierar,kkimar@technorati.com,XOF,66
lwelchas,wsandersas@shinystat.com,RUB,43
dreidat,jgibsonat@about.com,CNY,62
dphillipsau,rmarshallau@histats.com,CAD,29
hrileyav,sriceav@blinklist.com,CNY,18
rbutleraw,ggomezaw@networkadvertising.org,CNY,99
emartinax,drossax@google.com.au,CNY,39
jperryay,sriveraay@spotify.com,EUR,4
jcarpenteraz,apriceaz@squidoo.com,USD,57
jlewisb0,bstoneb0@cbslocal.com,SEK,84
tevansb1,dparkerb1@mashable.com,CDF,86
ballenb2,jcookb2@angelfire.com,CZK,78
twatsonb3,pwheelerb3@army.mil,USD,15
lwoodsb4,bkimb4@bloglovin.com,MZN,70
mleeb5,crayb5@edublogs.org,CAD,10
sortizb6,lreynoldsb6@fotki.com,PHP,28
schavezb7,cduncanb7@cafepress.com,EUR,75
pmooreb8,gscottb8@sakura.ne.jp,CNY,26
bscottb9,mriverab9@paypal.com,CNY,62
cwillisba,mjohnstonba@google.com.au,XOF,70
pbarnesbb,dmyersbb@usgs.gov,EUR,85
rperezbc,hromerobc@cyberchimps.com,CNY,80
tstephensbd,jedwardsbd@google.com.br,CNY,50
ptorresbe,jelliottbe@zimbio.com,RUB,58
drichardsbf,atuckerbf@artisteer.com,PHP,86
rbarnesbg,srileybg@forbes.com,RUB,100
cwatsonbh,wfrazierbh@sohu.com,EUR,84
scolemanbi,arossbi@patch.com,CNY,48
jcarterbj,espencerbj@meetup.com,CNY,13
kkelleybk,jdaybk@discuz.net,IDR,13
rhughesbl,rwatsonbl@oracle.com,PLN,56
rdixonbm,crobertsonbm@nba.com,BRL,61
estonebn,cfordbn@pbs.org,AMD,69
bburtonbo,jfrazierbo@godaddy.com,IDR,28
jlongbp,psimsbp@dropbox.com,XAF,79
kdixonbq,mkennedybq@intel.com,PHP,39
lcarrollbr,mblackbr@apple.com,IDR,49
nmorenobs,mthompsonbs@princeton.edu,IDR,64
bstevensbt,msimpsonbt@thetimes.co.uk,PHP,24
cchavezbu,mgonzalezbu@marriott.com,IDR,42
gwilliamsonbv,jwilsonbv@tinypic.com,IDR,47
rburtonbw,jcookbw@addtoany.com,IDR,25
lburkebx,agardnerbx@uiuc.edu,PLN,67
dfergusonby,mlaneby@redcross.org,IDR,82
mcookbz,nbanksbz@prlog.org,CZK,40
dlittlec0,slopezc0@java.com,PHP,98
echapmanc1,mgardnerc1@ycombinator.com,TND,7
agreenc2,kgarzac2@guardian.co.uk,XOF,76
lgonzalesc3,llarsonc3@kickstarter.com,EUR,84
ggilbertc4,ehayesc4@sohu.com,HTG,17
bgonzalezc5,cgeorgec5@google.it,BRL,82
rfullerc6,ccruzc6@liveinternet.ru,EUR,60
ssanchezc7,arossc7@webs.com,CNY,98
wwardc8,rtaylorc8@wikimedia.org,IDR,30
ewardc9,tkellyc9@facebook.com,BGN,70
lreedca,jbellca@delicious.com,PEN,27
hhernandezcb,jwellscb@g.co,BRL,4
cbellcc,amyerscc@wordpress.org,PKR,54
aortizcd,alongcd@spotify.com,RUB,43
nschmidtce,jhartce@webeden.co.uk,PEN,10
alawsoncf,tgarciacf@redcross.org,UAH,18
tfieldscg,jarmstrongcg@china.com.cn,NPR,92
sfranklinch,kwebbch@godaddy.com,CNY,78
lbakerci,ghendersonci@disqus.com,TJS,77
ablackcj,sgordoncj@amazon.co.uk,BDT,28
jlarsonck,fwoodck@sbwire.com,EUR,43
arichardsoncl,cwalkercl@baidu.com,CAD,5
jvasquezcm,ggrantcm@accuweather.com,USD,82
jmartincn,lchapmancn@bbb.org,CNY,8
ncollinsco,ehunterco@mozilla.org,BWP,80
mstevenscp,hpaynecp@google.fr,ILS,43
jrosscq,tpeterscq@sakura.ne.jp,BRL,16
fmendozacr,aallencr@ovh.net,KPW,2
jdiazcs,pburtoncs@example.com,IDR,67
ppricect,jcarpenterct@va.gov,LTL,69
bstonecu,dbishopcu@sun.com,RSD,41
lsnydercv,hcruzcv@google.es,JPY,9
fkimcw,sarnoldcw@simplemachines.org,USD,41
lbishopcx,medwardscx@altervista.org,USD,81
ngilbertcy,jhillcy@acquirethisname.com,UAH,55
dknightcz,dmccoycz@house.gov,MKD,27
jhernandezd0,jstevensd0@blogtalkradio.com,CNY,62
ariverad1,athompsond1@pinterest.com,VEF,9
asanchezd2,cjohnstond2@weebly.com,IDR,65
calexanderd3,llaned3@latimes.com,USD,74
sdayd4,sblackd4@uol.com.br,EUR,30
cbennettd5,pmatthewsd5@rediff.com,EUR,14
rjamesd6,smcdonaldd6@simplemachines.org,PHP,47
pfoxd7,jharveyd7@comcast.net,UAH,14
lromerod8,cdunnd8@alexa.com,UAH,21
nwilsond9,jjenkinsd9@go.com,DOP,50
rhenryda,blarsonda@howstuffworks.com,MXN,91
bgraydb,jstanleydb@hp.com,CUP,65
dharperdc,jcarrdc@eepurl.com,CNY,68
dcampbelldd,adavisdd@goo.ne.jp,JPY,24
rbellde,pbutlerde@dedecms.com,XPF,71
aforddf,dperezdf@webmd.com,CZK,19
rrogersdg,mharperdg@elegantthemes.com,HNL,85
swilliamsdh,jmillerdh@geocities.jp,SEK,54
jjenkinsdi,awatsondi@ovh.net,CNY,83
mrossdj,kwalkerdj@wordpress.org,MKD,20
probinsondk,dlawrencedk@jalbum.net,IDR,46
kwebbdl,cgraydl@google.nl,BTN,43
sfernandezdm,awashingtondm@answers.com,TZS,47
mricedn,sarmstrongdn@oaic.gov.au,MMK,94
wjenkinsdo,sfernandezdo@buzzfeed.com,UAH,31
charrisondp,tchapmandp@springer.com,IDR,58
bharveydq,lfreemandq@who.int,CNY,83
rallendr,thendersondr@harvard.edu,IDR,7
lreidds,bgutierrezds@shop-pro.jp,ZWL,12
bjordandt,jcoledt@edublogs.org,ARS,86
jalvarezdu,lsmithdu@va.gov,NGN,86
jhunterdv,jwilliamsondv@t.co,CNY,77
nwatsondw,psandersdw@oracle.com,KZT,16
jcolemandx,mwrightdx@shareasale.com,PHP,100
rharrisondy,areeddy@pcworld.com,EGP,73
ispencerdz,bcollinsdz@wikipedia.org,USD,1
arusselle0,jblacke0@biglobe.ne.jp,RUB,84
mharrise1,ibradleye1@state.tx.us,ARS,70
tellise2,jstevense2@people.com.cn,EUR,89
chernandeze3,rrosse3@instagram.com,MYR,19
ereyese4,hhickse4@blog.com,PYG,50
mrobertse5,jlynche5@tiny.cc,EUR,11
tnelsone6,nholmese6@chron.com,CNY,83
rcrawforde7,lhendersone7@comcast.net,ALL,88
lriverae8,tperkinse8@china.com.cn,SEK,17
jsimse9,wwallacee9@typepad.com,THB,56
rthompsonea,wgreeneea@army.mil,CAD,55
pfranklineb,twrighteb@businesswire.com,LAK,14
erichardsonec,ajamesec@pen.io,BRL,95
dandersoned,pcartered@digg.com,BRL,82
acrawfordee,vhudsonee@altervista.org,CNY,27
dpalmeref,cgonzalezef@howstuffworks.com,THB,46
vrobertseg,srobinsoneg@fc2.com,LYD,73
mmitchelleh,slarsoneh@networkadvertising.org,USD,61
jwebbei,rhuntei@walmart.com,CNY,54
jhernandezej,hcastilloej@meetup.com,ARS,68
rwoodek,ariveraek@walmart.com,EUR,31
ethompsonel,dhayesel@issuu.com,THB,2
bmendozaem,lkellyem@nymag.com,BRL,19
vcoleen,bwellsen@prweb.com,PHP,50
kmurphyeo,rdixoneo@1und1.de,IDR,37
cmccoyep,jstanleyep@economist.com,LKR,30
efullereq,jcruzeq@epa.gov,EUR,72
vstoneer,hsimmonser@guardian.co.uk,MXN,95
blittlees,bspenceres@google.co.jp,KZT,98
poliveret,cedwardset@blogs.com,PHP,39
dmasoneu,sgardnereu@sfgate.com,IDR,88
probertsev,ddunnev@nba.com,EUR,35
icolemanew,hbennettew@mapy.cz,NIO,53
jgarciaex,nowensex@reuters.com,CAD,86
mwardey,pgarciaey@uiuc.edu,IDR,53
agarrettez,hfoxez@illinois.edu,NAD,63
sortizf0,tmeyerf0@columbia.edu,CNY,41
pchavezf1,cdeanf1@shareasale.com,RUB,66
tpiercef2,afullerf2@msu.edu,GTQ,58
hmillsf3,rcampbellf3@bing.com,CNY,65
kfergusonf4,nvasquezf4@mlb.com,PHP,31
jharperf5,mscottf5@ycombinator.com,CNY,18
bbishopf6,jevansf6@sfgate.com,RUB,42
akingf7,pnicholsf7@dion.ne.jp,CNY,33
sperezf8,bcookf8@dailymail.co.uk,PLN,94
rperezf9,mcarrollf9@google.ru,BRL,75
hhicksfa,jmyersfa@cafepress.com,THB,83
rpiercefb,kburkefb@woothemes.com,IDR,13
aaustinfc,lrossfc@oaic.gov.au,BRL,81
jcarterfd,kcolefd@accuweather.com,DKK,98
bduncanfe,kmartinfe@chron.com,RUB,85
egutierrezff,dhenryff@cnet.com,PHP,37
jandersonfg,ecarpenterfg@disqus.com,CZK,30
emarshallfh,bwelchfh@cargocollective.com,ARS,23
jwatsonfi,fpowellfi@yandex.ru,SEK,96
sharrisonfj,akelleyfj@nih.gov,JPY,43
dhuntfk,lrileyfk@cloudflare.com,IDR,37
jricefl,pdixonfl@discovery.com,PEN,35
pgrantfm,rrogersfm@wikispaces.com,CNY,80
hnicholsfn,kortizfn@cbsnews.com,NGN,46
amorganfo,rjohnstonfo@spiegel.de,EUR,23
creidfp,jkennedyfp@typepad.com,MVR,78
dclarkfq,dmillerfq@qq.com,PLN,11
gfranklinfr,tgutierrezfr@uiuc.edu,IDR,15
wmartinfs,mhuntfs@blinklist.com,BRL,92
kdanielsft,priceft@wisc.edu,CNY,39
rarnoldfu,ewardfu@icio.us,SLL,25
storresfv,hharrisfv@newsvine.com,CZK,51
mmorenofw,alynchfw@liveinternet.ru,IDR,14
khartfx,hwilliamsfx@canalblog.com,CAD,14
mlynchfy,cmontgomeryfy@rambler.ru,CNY,98
lmcdonaldfz,aryanfz@slideshare.net,PHP,61
wgrantg0,echavezg0@livejournal.com,PHP,58
mdeang1,pwardg1@biblegateway.com,ZAR,56
rbrowng2,shendersong2@ehow.com,CAD,30
lhayesg3,lalexanderg3@furl.net,PHP,25
dwallaceg4,aryang4@google.de,ARS,1
cwillisg5,tstanleyg5@google.co.jp,CNY,40
rgriffing6,rsandersg6@oaic.gov.au,HUF,44
lrobinsong7,efergusong7@ca.gov,KZT,38
mdayg8,larnoldg8@desdev.cn,CNY,32
kgrantg9,apayneg9@amazon.co.jp,EUR,89
jrobinsonga,lkingga@mysql.com,IDR,16
phicksgb,jmasongb@google.es,PHP,68
kmurraygc,ndanielsgc@wikia.com,CRC,11
mryangd,brogersgd@nature.com,CNY,2
pbrooksge,tmillsge@latimes.com,MXN,95
psandersgf,jlawrencegf@marketwatch.com,COP,10
chughesgg,cjacobsgg@123-reg.co.uk,RUB,62
kgarzagh,jcoopergh@mail.ru,EUR,29
cgarciagi,psandersgi@webmd.com,PLN,72
bhernandezgj,agarzagj@irs.gov,BRL,2
acookgk,jweavergk@sogou.com,ILS,83
lbishopgl,aleegl@amazon.co.uk,IDR,74
mchapmangm,bthompsongm@sohu.com,RUB,98
jwashingtongn,emorrisgn@mtv.com,UAH,51
bfowlergo,jwardgo@quantcast.com,EUR,15
lwrightgp,lfergusongp@marketwatch.com,EUR,36
krosegq,dholmesgq@delicious.com,NIO,81
rthompsongr,khartgr@state.tx.us,PLN,79
jbradleygs,dfergusongs@npr.org,NOK,74
kcastillogt,smorrisgt@bizjournals.com,CNY,51
jduncangu,amartingu@msu.edu,IDR,53
tmasongv,jkelleygv@miibeian.gov.cn,UAH,25
wlynchgw,kraygw@yellowpages.com,PLN,90
bjenkinsgx,phowellgx@cargocollective.com,CNY,10
twheelergy,jrileygy@baidu.com,EUR,88
wmccoygz,astewartgz@umich.edu,CNY,29
ggibsonh0,handrewsh0@webeden.co.uk,NOK,51
chowellh1,rpattersonh1@hhs.gov,COP,10
swelchh2,jhawkinsh2@yellowpages.com,CNY,16
jrodriguezh3,frileyh3@plala.or.jp,PHP,34
mwrighth4,jpayneh4@home.pl,BGN,95
jcastilloh5,adavish5@macromedia.com,CNY,53
scoxh6,clawrenceh6@timesonline.co.uk,CNY,23
bgrahamh7,jlopezh7@nih.gov,SYP,93
nroseh8,dmurrayh8@google.es,SEK,53
gmasonh9,jstephensh9@meetup.com,IDR,39
ktorresha,rallenha@diigo.com,JPY,83
cmarshallhb,nwatsonhb@epa.gov,PLN,21
medwardshc,mtaylorhc@symantec.com,VND,90
jturnerhd,bhayeshd@ft.com,CAD,44
aedwardshe,ppaynehe@yandex.ru,TMT,68
jevanshf,rharrisonhf@prlog.org,MXN,18
jrobertshg,jperkinshg@un.org,SEK,84
kburkehh,rburnshh@discovery.com,PHP,65
gmartinhi,nellishi@bbb.org,XOF,28
gpricehj,lclarkhj@4shared.com,KHR,100
kgilberthk,rallenhk@biglobe.ne.jp,IDR,60
kchavezhl,rreidhl@whitehouse.gov,PHP,51
jlopezhm,etaylorhm@oakley.com,COP,92
dhudsonhn,ealexanderhn@netlog.com,JPY,41
abrownho,plewisho@marriott.com,PLN,7
msandershp,mhernandezhp@hibu.com,PHP,32
kbowmanhq,jnelsonhq@paginegialle.it,EUR,4
pryanhr,astonehr@illinois.edu,IDR,18
bmoorehs,nharveyhs@ow.ly,CNY,84
mpowellht,ablackht@gnu.org,PLN,38
csimmonshu,anguyenhu@discuz.net,ZAR,15
amurphyhv,sturnerhv@joomla.org,CNY,12
rgonzalezhw,wfergusonhw@theatlantic.com,PEN,48
aricehx,brosehx@mac.com,EUR,24
wcolehy,cjordanhy@google.fr,TND,1
aporterhz,dhunterhz@wikipedia.org,IDR,81
pdixoni0,amccoyi0@wikimedia.org,PHP,73
mmorrisoni1,rortizi1@engadget.com,PHP,68
bwashingtoni2,lpetersi2@fastcompany.com,CNY,57
parnoldi3,jrayi3@latimes.com,LTL,54
nowensi4,dwoodi4@cafepress.com,EUR,48
afulleri5,grosei5@apple.com,EUR,55
dgreenei6,aperryi6@xinhuanet.com,EUR,70
mhowardi7,hhicksi7@typepad.com,EUR,72
kmorgani8,dcoxi8@biglobe.ne.jp,KES,74
dhunti9,lhilli9@si.edu,EUR,38
nevansia,jcruzia@instagram.com,EUR,90
vjordanib,rstephensib@senate.gov,USD,57
ahendersonic,jwilsonic@fc2.com,EUR,98
tjohnstonid,bbanksid@sohu.com,BRL,8
fgrantie,pdayie@moonfruit.com,EUR,83
pchapmanif,rrayif@cnbc.com,CNY,52
smorrisig,ajenkinsig@cnn.com,PHP,57
wyoungih,bdixonih@gizmodo.com,THB,34
pdiazii,aaustinii@mit.edu,PHP,45
jcoxij,mmorrisonij@msu.edu,COP,12
jgardnerik,rhartik@shop-pro.jp,BAM,20
preidil,slawsonil@icio.us,PHP,25
ggardnerim,lnguyenim@irs.gov,CNY,5
ccolein,mramosin@yellowpages.com,TZS,38
gpayneio,fperkinsio@soup.io,NGN,68
ktuckerip,abakerip@time.com,MYR,35
bruiziq,tmurphyiq@nsw.gov.au,RUB,38
jpierceir,cmorganir@zimbio.com,IDR,86
jleeis,sfisheris@disqus.com,IDR,48
gmorrisit,krossit@aol.com,CNY,6
dmendozaiu,sdixoniu@drupal.org,CNY,61
loliveriv,dhansoniv@imageshack.us,EUR,85
ralleniw,bhansoniw@deliciousdays.com,IDR,27
ayoungix,ahillix@admin.ch,BRL,71
athompsoniy,jcarriy@addthis.com,BRL,19
mberryiz,bhendersoniz@prlog.org,MAD,47
tolsonj0,jbaileyj0@cisco.com,USD,61
cbanksj1,rcooperj1@ovh.net,MMK,19
lharrisj2,lmasonj2@shutterfly.com,CNY,20
jperkinsj3,cwheelerj3@yolasite.com,PHP,5
lmorrisj4,bwrightj4@livejournal.com,CNY,42
tbanksj5,rreyesj5@youtu.be,IDR,41
lschmidtj6,pwestj6@amazon.de,PLN,32
amurphyj7,kdayj7@plala.or.jp,IDR,32
bweaverj8,kcooperj8@ibm.com,PHP,65
ericej9,rnelsonj9@gizmodo.com,CNY,32
lcolemanja,mcooperja@redcross.org,IDR,55
pwebbjb,fdixonjb@google.fr,EUR,39
pwilliamsonjc,abradleyjc@google.ca,RUB,25
slawrencejd,rwillisjd@ezinearticles.com,NOK,6
truizje,rwhiteje@oracle.com,CNY,50
sgutierrezjf,psandersjf@php.net,SEK,43
cgutierrezjg,cgordonjg@sakura.ne.jp,IDR,3
nreedjh,bwatsonjh@nasa.gov,NGN,77
ghansonji,dgarciaji@list-manage.com,EUR,9
flittlejj,nkimjj@skype.com,CNY,30
jmitchelljk,nolsonjk@google.co.uk,USD,19
pharperjl,joliverjl@free.fr,RUB,78
adeanjm,rreedjm@nhs.uk,PEN,34
gcarpenterjn,bmartinezjn@phoca.cz,CNY,30
ewillisjo,mpaynejo@naver.com,SEK,27
gpowelljp,srodriguezjp@fda.gov,IDR,98
jperryjq,ewatkinsjq@patch.com,CNY,35
rnelsonjr,lwellsjr@lycos.com,PLN,26
shunterjs,wduncanjs@youtu.be,EUR,23
awillisjt,wpetersjt@bing.com,CNY,66
whernandezju,rlittleju@prlog.org,CRC,13
mharveyjv,bdayjv@devhub.com,DOP,47
bcruzjw,aharrisonjw@wordpress.com,BYR,81
jfisherjx,vchavezjx@google.co.uk,IDR,21
cchavezjy,bhuntjy@merriam-webster.com,RUB,42
rgrahamjz,jelliottjz@furl.net,IDR,69
rgrantk0,jhartk0@comcast.net,JPY,22
skennedyk1,scarrk1@hp.com,EUR,54
kstonek2,tvasquezk2@businesswire.com,EUR,13
sfisherk3,jmendozak3@answers.com,PHP,47
jdunnk4,ssimpsonk4@php.net,RUB,4
cmartink5,mpattersonk5@joomla.org,UAH,56
jramosk6,bholmesk6@furl.net,AMD,64
vnicholsk7,hbryantk7@state.gov,IDR,10
amitchellk8,dbellk8@microsoft.com,RUB,13
jowensk9,egrahamk9@skyrock.com,USD,68
hwatsonka,jdaviska@rediff.com,MXN,32
cwalkerkb,jburtonkb@businesswire.com,CUP,51
nbutlerkc,njordankc@dmoz.org,USD,36
kdunnkd,jdeankd@dell.com,SEK,74
bhudsonke,tkingke@nytimes.com,CNY,84
jhugheskf,amartinezkf@timesonline.co.uk,PLN,7
awatkinskg,dharperkg@alibaba.com,KES,10
jgarzakh,cgibsonkh@disqus.com,UAH,98
ljenkinski,edixonki@springer.com,CNY,27
rwoodskj,rfloreskj@marriott.com,IDR,93
mporterkk,jcolekk@simplemachines.org,VND,47
ethompsonkl,tbutlerkl@timesonline.co.uk,CNY,72
sbaileykm,kwalkerkm@t-online.de,MNT,94
kharriskn,nharveykn@guardian.co.uk,PHP,8
mcooperko,jgomezko@salon.com,EUR,74
colsonkp,jsanderskp@google.com.br,BDT,43
ccarpenterkq,kbellkq@bloglovin.com,CNY,46
staylorkr,erosskr@imageshack.us,SEK,91
jbrooksks,dmurphyks@chicagotribune.com,EUR,38
lmarshallkt,fmedinakt@purevolume.com,UAH,50
cgardnerku,ameyerku@smugmug.com,IDR,20
njohnsonkv,erogerskv@skyrock.com,CNY,9
jallenkw,kmoraleskw@ucsd.edu,KES,35
eschmidtkx,cwilliskx@elpais.com,MXN,67
crichardsonky,djacobsky@jugem.jp,JPY,73
jwoodkz,wmendozakz@github.com,IDR,46
crusselll0,bmontgomeryl0@eepurl.com,CZK,64
scarrl1,adayl1@wired.com,CNY,90
ghicksl2,nwheelerl2@feedburner.com,RUB,67
mmorganl3,kmillerl3@google.com,GBP,72
kgibsonl4,ascottl4@mail.ru,UAH,74
jrichardsonl5,cwrightl5@epa.gov,HTG,73
trobertsonl6,rturnerl6@zdnet.com,IDR,41
bwarrenl7,sgomezl7@tmall.com,PHP,75
fpattersonl8,swheelerl8@army.mil,BAM,96
rgomezl9,klawrencel9@flavors.me,CNY,92
rrobinsonla,jmedinala@miibeian.gov.cn,IDR,26
nhartlb,twilsonlb@eepurl.com,MKD,20
kdunnlc,dgarzalc@cnn.com,CNY,39
pwrightld,jperezld@technorati.com,PHP,32
rwatkinsle,jcollinsle@twitter.com,IDR,55
aaustinlf,crodriguezlf@shutterfly.com,ZAR,13
fwarrenlg,aweaverlg@imdb.com,CNY,35
wstanleylh,pmendozalh@washingtonpost.com,RUB,56
aharrisonli,ledwardsli@bluehost.com,LYD,50
vramoslj,hsimmonslj@dion.ne.jp,CZK,8
mlawsonlk,jbakerlk@woothemes.com,IDR,91
bschmidtll,sbutlerll@cdc.gov,HNL,91
shayeslm,khudsonlm@tmall.com,ARS,39
kfordln,jwellsln@uiuc.edu,PLN,2
ahowelllo,mricelo@umich.edu,BRL,29
aperezlp,dwilliamslp@hud.gov,CNY,59
jboydlq,vfisherlq@dyndns.org,CZK,64
djoneslr,hharperlr@purevolume.com,EUR,81
jmartinezls,ahayesls@gravatar.com,PHP,78
asimpsonlt,amartinezlt@boston.com,PKR,98
njoneslu,sperrylu@nationalgeographic.com,CNY,14
melliottlv,ajameslv@sfgate.com,VND,18
tjenkinslw,afowlerlw@economist.com,AZN,17
jduncanlx,abakerlx@oracle.com,IDR,4
mparkerly,cshawly@mediafire.com,CNY,18
pjohnstonlz,wwallacelz@sfgate.com,USD,54
cdixonm0,djonesm0@yale.edu,JPY,91
bstanleym1,mwelchm1@etsy.com,UZS,70
efloresm2,dhayesm2@mit.edu,EUR,4
jfosterm3,lbarnesm3@360.cn,ZMW,85
jhartm4,pwestm4@miibeian.gov.cn,PHP,52
tsmithm5,jsimpsonm5@cnn.com,JPY,38
mbakerm6,jperrym6@histats.com,EUR,94
mmatthewsm7,acarrm7@addthis.com,EUR,1
nhernandezm8,jbaileym8@sitemeter.com,EUR,66
preynoldsm9,icoxm9@apple.com,THB,67
ncookma,rpowellma@myspace.com,CUP,50
rthompsonmb,dgeorgemb@businessweek.com,CNY,6
wwilliamsonmc,emorrisonmc@samsung.com,USD,67
jmeyermd,thenrymd@studiopress.com,VND,41
jgordonme,dgrahamme@ucoz.ru,MXN,15
jgilbertmf,pwoodsmf@cafepress.com,MXN,8
wolsonmg,jthompsonmg@spiegel.de,XAF,35
swoodmh,ggonzalesmh@bloglovin.com,TZS,47
ahartmi,nstanleymi@dion.ne.jp,CRC,98
sscottmj,grobinsonmj@list-manage.com,MYR,75
tstonemk,ewashingtonmk@un.org,PHP,12
jbishopml,broseml@gravatar.com,CNY,8
atuckermm,vaustinmm@opensource.org,RUB,67
ppetersmn,jmasonmn@bing.com,IDR,8
cbowmanmo,kjohnstonmo@simplemachines.org,CZK,43
jgraymp,tramirezmp@msn.com,PHP,38
tshawmq,sknightmq@about.com,CNY,92
bjamesmr,abellmr@geocities.com,PLN,46
jgonzalezms,mjenkinsms@fc2.com,CZK,64
erichardsmt,jwarrenmt@twitpic.com,EUR,94
nolsonmu,lberrymu@imgur.com,CLP,98
sgarciamv,cwebbmv@elegantthemes.com,EUR,32
akingmw,rfostermw@wordpress.com,CNY,35
pmcdonaldmx,hwestmx@google.com.br,PEN,9
tbakermy,rruizmy@nyu.edu,IRR,7
jadamsmz,rmorrismz@over-blog.com,EUR,50
pwestn0,rrayn0@clickbank.net,PHP,87
rfishern1,cdayn1@clickbank.net,XAF,80
nkellyn2,csandersn2@bravesites.com,MKD,23
mfostern3,jcolen3@twitter.com,THB,25
kfishern4,eortizn4@si.edu,CNY,85
pfostern5,preynoldsn5@pinterest.com,EUR,63
jstevensn6,sramosn6@shop-pro.jp,GBP,9
tedwardsn7,dhartn7@nydailynews.com,TZS,62
dpaynen8,bricen8@hugedomains.com,COP,38
shuntern9,shansenn9@last.fm,CNY,16
ablackna,cshawna@ifeng.com,MYR,65
bedwardsnb,bbowmannb@shinystat.com,OMR,69
rhallnc,rblacknc@uol.com.br,PLN,55
jfishernd,jpetersonnd@gov.uk,CNY,26
pmitchellne,mmitchellne@wired.com,EUR,23
salexandernf,kkelleynf@state.tx.us,NOK,84
jburnsng,sgrantng@de.vu,AFN,14
ssimmonsnh,jspencernh@joomla.org,PHP,29
ajohnstonni,jmurrayni@forbes.com,EUR,93
ahansennj,vgonzalesnj@si.edu,UAH,12
vmatthewsnk,mwheelernk@epa.gov,VND,54
dstephensnl,amyersnl@tiny.cc,CNY,57
tpalmernm,acarpenternm@deliciousdays.com,GEL,73
ssimsnn,aalexandernn@list-manage.com,CNY,21
khenryno,hjacobsno@t.co,JPY,90
jbradleynp,dfloresnp@accuweather.com,IDR,98
jcoopernq,acooknq@omniture.com,UAH,2
balexandernr,kcolemannr@stanford.edu,PHP,91
phernandezns,skennedyns@google.fr,SYP,54
aryannt,srossnt@blogger.com,IDR,17
jhillnu,nbutlernu@cbsnews.com,RUB,27
sparkernv,sfreemannv@mozilla.org,PEN,72
gsandersnw,ediaznw@mozilla.org,BRL,56
hcrawfordnx,ekellynx@pbs.org,EUR,67
jgibsonny,showellny@businessweek.com,EUR,97
mkimnz,jwrightnz@loc.gov,IDR,90
lperezo0,kmorenoo0@purevolume.com,PLN,30
mwallaceo1,sportero1@nationalgeographic.com,PHP,46
twilliamso2,jalvarezo2@artisteer.com,IDR,30
bjacobso3,jsimpsono3@prlog.org,RUB,87
dparkero4,ahugheso4@ycombinator.com,IDR,3
mmorriso5,amorenoo5@admin.ch,MYR,8
charriso6,rcruzo6@squidoo.com,BRL,64
dwilliamso7,eedwardso7@macromedia.com,PHP,82
sreedo8,jmillero8@nytimes.com,CNY,87
lhowello9,dtuckero9@mapy.cz,SRD,87
druizoa,ejacobsoa@twitter.com,BRL,34
mellisob,hmurphyob@plala.or.jp,PEN,44
cadamsoc,jscottoc@hao123.com,BGN,78
epattersonod,trobertsonod@go.com,EUR,46
dblackoe,kmorrisonoe@4shared.com,RUB,28
kreidof,dwheelerof@edublogs.org,IDR,49
jwarrenog,kburtonog@scientificamerican.com,UAH,39
ebakeroh,mwardoh@domainmarket.com,IDR,31
jramirezoi,adeanoi@wikipedia.org,XAF,91
pkimoj,rshawoj@ucsd.edu,IRR,43
cthompsonok,jhawkinsok@squarespace.com,IDR,1
dmillsol,dwatsonol@bloglines.com,EUR,89
sjamesom,swheelerom@wp.com,USD,63
dfordon,fwarrenon@barnesandnoble.com,UZS,60
kmooreoo,wramirezoo@mayoclinic.com,CAD,58
sbaileyop,rporterop@forbes.com,BRL,33
sbelloq,sbishopoq@admin.ch,COP,69
abryantor,rjacobsor@dailymail.co.uk,CUP,56
abellos,dsandersos@prlog.org,UAH,70
bknightot,jgriffinot@networksolutions.com,PHP,28
sandrewsou,mmoralesou@surveymonkey.com,XOF,31
pjohnstonov,skelleyov@jiathis.com,MNT,47
tfranklinow,egreenow@yellowbook.com,SEK,59
bfloresox,jwatsonox@goodreads.com,RUB,16
wpierceoy,arayoy@51.la,USD,96
slittleoz,chansenoz@craigslist.org,CNY,66
jwalkerp0,jhicksp0@tamu.edu,CNY,57
jnelsonp1,bdanielsp1@theguardian.com,CAD,71
ebrownp2,chansonp2@drupal.org,NIO,22
swelchp3,awelchp3@sohu.com,PEN,99
cnguyenp4,jwatsonp4@squidoo.com,DOP,68
vwashingtonp5,awarrenp5@sfgate.com,EUR,52
bmurrayp6,rhansonp6@mapy.cz,ARS,81
scastillop7,lhenryp7@washington.edu,BYR,38
eburkep8,ibryantp8@google.es,EUR,50
jhawkinsp9,aromerop9@usda.gov,HNL,77
spiercepa,crogerspa@microsoft.com,VND,99
thudsonpb,rmasonpb@myspace.com,ARS,5
rturnerpc,jlittlepc@guardian.co.uk,CZK,25
salvarezpd,fhenrypd@ucsd.edu,HUF,96
mleepe,jcastillope@opera.com,CNY,54
lgonzalespf,bgreenpf@java.com,EUR,15
sedwardspg,cmorganpg@plala.or.jp,MYR,86
hmitchellph,mmitchellph@ucla.edu,IDR,40
aadamspi,cpiercepi@facebook.com,CNY,15
rlawrencepj,chughespj@telegraph.co.uk,UAH,43
rcunninghampk,npalmerpk@ifeng.com,CNY,3
lwoodspl,aspencerpl@163.com,CNY,65
emorenopm,jscottpm@over-blog.com,AZN,8
lshawpn,rwelchpn@symantec.com,EUR,5
gjacobspo,ggriffinpo@usgs.gov,PHP,15
pcarrollpp,mtuckerpp@ask.com,PHP,52
mbishoppq,ehallpq@reddit.com,MNT,58
malvarezpr,rgardnerpr@chicagotribune.com,PLN,33
hjamesps,aporterps@google.ca,PHP,62
jsimspt,lgriffinpt@hibu.com,CNY,66
phudsonpu,tlawrencepu@guardian.co.uk,CNY,66
ghunterpv,crosspv@imdb.com,IDR,27
lmoralespw,jsnyderpw@nasa.gov,EUR,28
nburnspx,eperkinspx@nature.com,YER,42
bhuntpy,sgomezpy@newsvine.com,AUD,10
pmoralespz,mboydpz@soup.io,CNY,76
kmcdonaldq0,tbennettq0@moonfruit.com,TZS,81
rwelchq1,crichardsq1@cloudflare.com,AFN,24
kwatkinsq2,awestq2@joomla.org,NZD,87
dreyesq3,rmorenoq3@theguardian.com,IDR,80
hhudsonq4,fstoneq4@netscape.com,NZD,43
shudsonq5,phawkinsq5@cpanel.net,SEK,54
lwilliamsq6,aperezq6@berkeley.edu,JPY,63
dryanq7,pbryantq7@prnewswire.com,IDR,25
mcoleq8,agutierrezq8@timesonline.co.uk,CNY,41
pbarnesq9,amorganq9@forbes.com,PKR,98
bwheelerqa,rgarrettqa@posterous.com,CNY,28
msmithqb,cperkinsqb@reverbnation.com,RUB,57
bgrahamqc,dryanqc@jugem.jp,IDR,6
ahuntqd,jelliottqd@mysql.com,PHP,18
bolsonqe,tlaneqe@nbcnews.com,CNY,98
jwoodqf,ewashingtonqf@ebay.com,EUR,86
earnoldqg,jlongqg@virginia.edu,CNY,97
pwestqh,cfieldsqh@yale.edu,CNY,45
cbellqi,lwoodqi@nature.com,PEN,39
rdixonqj,bmorganqj@ted.com,EUR,49
jcarterqk,rpayneqk@merriam-webster.com,ILS,91
tstevensql,abutlerql@taobao.com,EUR,84
agonzalezqm,wfergusonqm@bloomberg.com,RUB,71
pbryantqn,mhenryqn@addtoany.com,PHP,97
tcookqo,sdixonqo@fda.gov,EUR,55
egrantqp,gjacksonqp@dmoz.org,USD,3
gjenkinsqq,ralvarezqq@ted.com,EUR,79
dkelleyqr,mgrahamqr@ocn.ne.jp,IDR,51
kgarzaqs,kandrewsqs@simplemachines.org,CNY,22
portizqt,landrewsqt@bbc.co.uk,CZK,76
dbennettqu,pharveyqu@simplemachines.org,THB,77
rcastilloqv,jgriffinqv@instagram.com,BRL,47
cwatkinsqw,lburkeqw@mediafire.com,PHP,33
abutlerqx,dryanqx@netlog.com,BRL,2
wgreenqy,jyoungqy@google.cn,RUB,15
mmurrayqz,rwhiteqz@toplist.cz,IDR,50
ahowellr0,pwagnerr0@mozilla.com,CNY,18
aweaverr1,ebryantr1@netlog.com,CNY,93
rfloresr2,mhallr2@barnesandnoble.com,IDR,10
kwoodr3,dstanleyr3@bizjournals.com,GBP,29
bwardr4,lgonzalezr4@howstuffworks.com,EUR,81
cbarnesr5,mlittler5@dot.gov,UAH,72
rscottr6,jlewisr6@t-online.de,SYP,68
jrayr7,sharrisonr7@oaic.gov.au,USD,70
awagnerr8,rkelleyr8@wikimedia.org,NGN,8
bmartinezr9,darmstrongr9@nature.com,ALL,84
probertsra,jcruzra@issuu.com,CNY,40
amorenorb,afrazierrb@cocolog-nifty.com,CNY,16
jmoralesrc,pgrayrc@mapy.cz,THB,25
dnelsonrd,ahartrd@army.mil,IRR,35
bmoralesre,ghayesre@tuttocitta.it,RSD,12
pmorrisonrf,gfranklinrf@ca.gov,CNY,6
hramirezrg,lhowellrg@auda.org.au,RUB,27
jhenryrh,dkimrh@canalblog.com,RUB,35
kjordanri,svasquezri@bloglines.com,CNY,89
anicholsrj,rwheelerrj@weebly.com,CNY,35
lyoungrk,rcooperrk@spiegel.de,IDR,11
rhowardrl,aelliottrl@home.pl,EUR,41
bmorrisonrm,smatthewsrm@yolasite.com,PEN,61
rmorrisrn,jowensrn@comcast.net,NOK,18
jharrisro,bsandersro@samsung.com,THB,25
cbutlerrp,hjohnsonrp@vistaprint.com,IDR,47
dbanksrq,sporterrq@hexun.com,KRW,100
sspencerrr,jmoorerr@qq.com,MXN,27
